Hogwarts House,Flying,Charms,Divination,Transfiguration,History of Magic
,-0.3626317968947504,-0.09573420780592977,-1.1499468784189154e-16,0.27979998969952424,1.0431282209572303e-16
,0.014524728529970722,1.5786948816192607,0.7250276444561361,0.8819422756592317,0.08022672666300627
,-0.41652630874513535,1.5231420602981176,0.4174009646674243,0.7118935619772124,0.5681779669961395
,-1.0712448230757374,-1.1702187230430228,-2.3450244730312075,-0.5391992040733207,0.7640620887708284
,-0.2692356545263445,1.5172764835409114,0.4319018856002256,0.5799191826021706,0.19196197003752602
,-0.49447899450144256,0.045468180119574896,0.635432668692757,0.4037669358277393,0.8074895035546731
,-0.9215378457135571,-0.43418910138609196,0.11521213022851327,0.8123665072479178,1.0431282209572303e-16
,-0.6902011691159985,-0.3857691605716141,0.196520865458863,0.7995470600024086,0.5308614538608176
,-1.6953915967660629,-1.1993220213544704,-2.8230369737803334,1.065515542456386,0.5743665205349227
,-0.2888814122573815,-0.30446692708247797,0.3948727482182511,0.6269270545991814,1.0431282209572303e-16
,-0.6431353965838884,1.2905815096744055,0.2804190508557843,0.521471416829193,0.7471873370870808
,-0.5968050267475925,-0.07269357146407882,0.16259906827677437,0.43833860537546876,0.8912054759152215
,-1.0332139979493453,-1.0190875946210938,-2.218918249919169,0.014369656922099627,0.8052062520962997
,1.6532120498599987,-0.7556625830612342,0.6123865622102693,-1.6529597249166073,-2.0505124156744614
,-0.650804596125951,0.9025860395953443,-0.06837988658141646,-0.011321168177918273,0.6772524035974611
,-0.123836035811076,1.5937352333510642,0.4026410987179661,0.8841367515861556,0.14117966601176063
,-0.23194023209576628,1.4893190294875616,0.5965909161941823,0.4697183597490084,1.093111125603407
,2.0627262939005457,-1.2482255084458664,0.5253810366134621,-2.351618592376485,-1.6384101863450706
,1.5996327105935342,-1.6888759597173377,-0.22970263195882995,-2.7719320445621984,-1.896228402861853
,0.10056684394023438,0.13445559104777913,0.7514400361551667,0.046552253111314404,0.5035364149130036
,-0.2630372603759104,1.0681227220300904,0.32728809887073107,0.1837659601460134,0.4539094820349717
,0.4867583167706731,0.06785453939004897,0.13825823671100093,0.0478829590738617,-0.5183691409283269
,0.13544594322742307,1.188824810333951,0.7315012698725655,0.18301212003051642,0.08358496120641713
,-0.42083366739204725,0.05067489642837696,0.9844905511466148,0.10708127595482743,0.5128228375330736
,-0.12919396973772246,1.006762762008903,0.13152566627791468,-0.2329882147780969,0.3446645891404915
,-0.104190278080039,-0.31546703196022596,0.43941129108328353,0.5772967391448365,0.43285336623042936
,-0.7144694580778678,-0.5381882179396478,0.1512054875438592,0.8410547243036809,0.6020407334215001
,-1.664294568485919,-0.7293906659115452,-2.050345044075354,0.18224929303981774,1.1975000801164526
,-0.22910367884048286,-0.10987278010660977,-1.1499468784189154e-16,0.0,0.8560206492038201
,-1.1261899102058572,-0.7355988501019275,-2.509972448641822,0.8375779262024705,0.324872009120841
,0.48759877699446075,-0.8477093981585594,0.4950844696645739,-1.3526358647828152,-1.074076018249395
,-0.7115278472946109,1.6294259903023214,0.5411766826295492,1.014946703141192,1.0084452130554975
,-0.14285144837427224,1.350267391234507,0.6157528474268125,0.5725585611881323,0.10223588886120079
,-0.764581898921208,1.3052196700716157,0.031831834864906254,0.3960186597894975,0.40968011733705156
,-0.08013210417411666,-0.548888111621773,0.3785592121688498,0.8823185475995144,-0.31642783826173965
,1.412945483384696,-1.195292087098738,0.17476948405966125,-1.941296854758409,-1.6178117537333019
,2.281876297253183,-1.4726391063944997,0.33091332910393145,-2.3434731837102594,-2.1707629723885504
,-0.5020431365155318,1.18189359841671,0.23380894785749473,0.6133266495079738,0.782144961077213
,-0.9554714272489848,-0.9563572048672219,-2.4864084521260192,1.0199610814442042,0.49210923908652043
,-0.05933071363537162,-0.5306107498608392,-0.33509325373829596,0.5826893176313714,0.08838626628816675
,-0.8873941491221827,-0.6690883201405865,-2.1572893359547636,0.5570012653805351,0.6584106629994521
,-0.5104477387534085,-0.3108825090835736,0.5577491636956078,0.37559927614433675,0.843942115874838
,-1.0395174496277528,-0.8823058738433335,-2.0827131711574998,0.9402310632469928,0.2988643947991985
,-0.5607702946526958,1.2426703237105223,0.512692730797261,-0.053352830868608835,0.5724860767767767
,-0.15503812161919361,-0.18918811965220056,0.9425414584481543,0.5618245121224619,0.4378878937486474
,1.5129602500154296,-1.4090585002011158,-0.08313975253087483,-2.3158687963997466,-1.9575241385058506
,1.937392663028208,-0.9663271957569378,0.5385872324629776,-2.032028752003301,-1.914617188721269
,2.721647109350086,-1.7009302413125325,-0.03730648458255668,-2.3234431618417304,-2.285774978401515
,-0.3890012364160889,-0.09797777086328595,0.15586649784368814,0.08499797692355276,0.38170039450452825
,1.9014629884612846,-1.254001709350942,0.4311250505502543,-2.2124676522025752,-1.9011104646738843
,0.0536061289360978,-0.08509046049244959,0.6452725793257292,0.5838835051102502,0.04497732280333142
,0.025870941551104375,1.4467176858157091,0.7175182389730783,-0.016825109789959648,0.3038846729685838
,0.18597861418265732,0.04833279076482232,0.5396230125296062,-0.27701996029988674,0.25223635013097784
,0.44883254917225407,-0.1543246622552894,-0.30764508197263646,-0.09026899479416714,-0.11925314090024916
,-0.5238951023340114,1.6888277024864182,0.08595134334625368,0.8050060165869052,0.711340705508419
,-1.029747099526221,1.2479320405437142,0.05384216128076535,0.7141019397795657,0.25812492622312655
,-0.04336196938340571,-0.29359057338460487,0.04892220596427919,-0.03340930164701577,0.6604136581148939
,-0.3449821321952091,1.2187313454703266,0.035457065098106616,0.5967242141044805,0.4182597076402458
,2.138682886625357,-1.2110783834425627,0.415329404534167,-1.7645002882309224,-2.3039231334545076
,-0.04998059364573368,1.5734686859580713,0.33816378957033194,0.9487593413318298,0.41763101600009106
,2.042240075945721,-0.9735425770501862,0.603582431643926,-1.5435960763090282,-1.7743956802193408
,-0.3383635079328811,-0.05596539114009771,0.45960900238254226,0.4655906395334025,0.7095860640651779
,1.7946194825122757,-1.1213473195908572,0.6266285381264135,-1.5574520794254838,-1.9259832245909714
,1.8428408878520939,-0.8857617401257586,0.5388461774796348,-1.5863917681882305,-2.095107913894242
,-0.7934727191139095,1.5509551379749469,1.16212683257343,0.7879449673977482,0.5758648711989207
,-0.07130727182434606,-0.0651195409180457,0.36043306100284817,0.38260261701700243,0.20685014140405844
,1.7163516241720482,-0.9350284598469731,0.6955079125572193,-1.6380322533448117,-1.7064651038819372
,-1.1680028063392942,-1.316368866474995,-2.833394774446621,0.4399113871547247,0.3573230196952648
,-1.4758213633015318,-1.2188666868648599,-2.674143589202464,1.4105738720163594,0.2692382507869162
,-0.905253928877671,1.379155270825435,0.616270737460127,0.5002862586428641,0.8991335696137407
,0.097730290684951,1.3286647894365735,0.3896938478851079,0.34285042639663427,0.1757286156935268
,-0.5339806250194635,1.2944670675536174,0.30139359720501474,0.16680564452428723,0.2700153314754025
,-0.31556602436264036,0.04931821682678735,0.9182006268823815,-0.10496244152883882,0.5427741083938588
,-0.3082119974044982,-0.395448107019775,-0.02358239869972697,0.1803774465367517,0.6422956342389503
,0.15939905960537196,-0.549939996650706,0.1908240750924053,0.4130235903655459,-0.24456414524830908
,1.989291081847097,-1.5202145599907546,0.5352209472464342,-2.5633137611532457,-2.05762244893257
,-0.6992361165217159,-0.9116463619162112,-2.506088273391964,0.8435962282975433,-0.4229827791644017
,-0.49637003000496493,-0.36485635701705693,0.03519812008144948,0.6140241444130841,0.08926809658265161
,-0.7197223344765408,1.328782811395156,-0.024618178766355515,0.7049380102063266,0.19574407655220635
,-0.4374327568118539,1.711686149591229,0.12867727109468585,0.24985834493726347,1.036971928912429
,-0.2457027682602895,-0.23499668140246982,0.5906351808110676,1.3359336087212748,-1.0991207539793157
,1.4264979044932722,-1.1697283017005573,0.4865392841148874,-2.3065476088225707,-1.8628277269473434
,-0.31661659964237493,1.415162280791927,-1.1499468784189154e-16,0.2746703553500754,0.6049814428958127
,0.01420955594605033,-0.3221828251569443,0.4559837721493423,0.7480289569691159,-0.3962849053959514
,-0.6171861871744438,1.4820371892273452,0.4080789440677665,0.7142991503025076,0.9089865304971237
,-0.051346341509388646,1.6015888498960709,0.6722028610580748,0.5559560927773154,0.38831340555466337
,-1.2264147918925379,-1.2370604019949551,-2.683206664785465,0.5268746785058949,0.2548611799631453
,-1.5153229938195527,0.0057887393058735975,1.263115389069724,0.832886444114475,1.2769396993369606
,-0.5853537561984855,-0.3659219921770883,0.5652585691786652,0.7300387425738034,0.36521185486949304
,-0.1445323688218476,-0.043824025381285894,0.4119631193176239,0.6555939331095998,0.28392830987434836
,1.5613917704111948,-1.6386112096473215,-0.1882714292936836,-2.105873080787947,-1.9011237697319312
,-0.3585345533037855,1.3815672729887332,0.4554658821160276,0.2514794962200781,0.41030339095788654
,2.184382911293812,-1.9119179820890246,-0.4319386899680755,-2.5495614965987876,-1.8751115605625426
,2.1568578389647652,-1.2100402485447246,0.4666005178322855,-1.9502855709598863,-1.5955544979426497
,-0.774142133966793,1.2173528948278327,0.5321136070465484,0.2325638582258953,0.593770820495798
,0.12367950009439559,-0.9520671639648999,-2.363150624197209,0.3037289109842255,-0.651990478362499
,-1.2132826008958555,-0.9860494671273335,-2.194059528320081,-0.002604407576237719,0.4921851672204139
,2.338397247302904,-1.287211713483416,0.5181305761470617,-2.3273130397044146,-2.0848454228700386
,-0.2653485259913265,-0.12062767431312171,-0.05931681099841566,-0.09094365175976014,0.9134450037702765
,-0.9058842740455118,1.4215847378585735,0.4572784972326279,0.7975794259605737,0.5610553154344261
,-0.5984859471951679,1.511569033291321,0.29958098208841466,0.6196150390591315,0.9106918076044672
,2.065352732099882,-1.5827031766061723,0.22034380699132203,-2.541949678749346,-1.9028791559516023
,2.0378276597708354,-1.3503156484654295,0.2141291265915503,-2.3132328692115722,-1.6616543947024944
,2.0173414418160105,-1.265100356834885,0.2752401505226411,-1.8044450006105148,-1.7075343781173287
,0.03196427817356507,1.4418272225221451,0.48136038378174395,0.7135228623864948,0.6835120077779082
,-0.28604485900209814,0.008946686081196205,0.2063607760918353,0.0,0.6165738959187504
,-0.575898578680874,1.5032673916413954,0.37778237711887824,0.8978599900920189,0.5496344009731652
,1.6953401185773562,-1.147281212684401,0.3956495832682226,-1.7417717893992095,-1.702414124905108
,-1.1295517511010078,-0.7104406935711088,-2.144083140105248,0.6405512132670098,0.25817801165348897
,-0.6120383683037443,-0.03687218826739921,0.753252651271767,0.690104036220802,0.5534811673325027
,-0.6429252815279415,1.4131135112584476,0.7333138849891652,0.39449059970051487,0.7522998515856788
,0.2289471431238024,1.5933192918853725,0.5284883768133483,0.45727113415567255,0.03739603760994029
,2.327996552033532,-0.8039140847697703,1.099462138542396,-2.072060523455472,-2.2609616748919654
,-0.13528730636018313,-0.3301177966442759,0.07507565264665281,0.6274661833579392,0.4652311490263238
,0.003178515508837068,1.6621982819282028,0.31511768308784444,0.4669446796763099,0.15002123226629624
,-0.27963634979571705,-0.16246473986482382,0.41947252480068214,0.5104747129952951,0.2634209464158386
,-0.7567025843231985,-0.27183557430034816,0.7250276444561361,0.8112011519012531,0.753145803715655
,-0.6780144958710772,-0.24309780030722955,-1.6243804916743187,0.0,0.48780649764139267
,-0.3528614467932186,1.6611704596286878,0.880653599467092,0.6612830210859482,0.07704823523874683
,-0.022665636372634083,-0.13419447032901136,1.0362795544780474,0.7321856426948639,0.8221236850112006
,-1.1904851173256148,-0.7344530058438266,-2.3856788406463827,0.7628496294594498,0.8964573225136432
,0.19039103035754265,-0.012956126912363055,0.19936926064209182,0.20328610954133602,0.11235458514092804
,-0.021299888508979112,1.2511667588843245,0.5473913630293211,0.2760100752763374,-0.2157105253941162
,-0.7791848953095191,-0.19378295512717586,0.6797122665411323,1.2258932086506484,-0.2070683618642942
,-0.33048419333487167,-0.3040567148380787,-0.32111022283880913,0.164116305644962,1.14343611043592
,-0.24895955162746675,1.9682498457335944,0.646308359392358,0.926928733375846,0.8566900196123047
,-0.8678534489191192,-1.0185685271721732,-2.688903455151922,0.5068033638129293,0.04160298665215142
,-1.0261751435751232,-0.7142930219668383,-2.2310886657020554,0.520712570385185,0.37589640121731016
,0.0028633429249166767,1.1846814374966632,-0.2988409514062929,0.0,0.4579148842727216
,1.4115797355210409,-0.6402485660084973,0.9461666886813547,-1.5304640850033826,-1.4743398291668235
,-0.05313231948493748,-0.1312840259134417,0.41222206433428116,0.32645344708984525,0.29549831062194754
,1.4723029866897006,-0.6318140064246325,0.6802301565744463,-1.3875346771268875,-1.3454444847944105
,-1.4618487120810615,-0.8194929833028783,-2.1761923221707367,0.563926982232889,1.1478322089301949
,0.09195212664641066,-0.37183454854887527,0.6312895484262424,1.0530063984171767,1.0431282209572303e-16
,-0.5834627206949632,-0.10639972616031096,0.28482111613895617,0.367521644391815,0.920973436140426
,-0.12268040300336794,0.19901131070480196,0.3524057654864762,0.11363488466109155,0.6509307243280512
,1.7585847504173788,-0.9335468832212502,0.4313839955669113,-1.4149445725706835,-2.2164910945744176
,2.165262441202642,-1.4823363863507897,0.2441667485237813,-2.3372089810608037,-1.9119393600187586
,1.4507661934551415,-0.9240650219854829,0.42154408493393897,-1.343046127887697,-1.8188269617773685
,-0.6493337907343225,-0.3169428793646566,-1.8455195358995373,0.1864208143434036,0.8102588150534293
,1.1134264711323616,-0.4737757288148871,0.8317129913188872,-1.0907797252295908,-1.6607099527166567
,-0.38059663417821205,1.3897703720324603,0.36224567611944825,0.43346871768752177,0.18186883494111142
,0.6735506015074848,-0.03321236170702964,-0.5184263255315685,0.12389633863682606,0.48378346438566416
,-0.6468124100629595,1.2864541786567332,0.11780158039508498,0.3642881455078487,0.37891165150471445
,-0.15797973240245047,1.519808799351309,0.5432482427628065,0.3139921556485575,0.21589021436680816
,2.2774638810782974,-1.3573648823412496,0.46478790271568565,-2.5654485095072395,-2.3533568824672915
,-0.2754340486767787,-0.40714030182941285,0.3267702088374168,0.5973186929830487,0.051099770505039825
,-0.8668028736393847,-0.29628101570262133,0.9057712660828369,0.0,-0.2196541292947266
,1.857233769184458,-1.1243391189487484,0.31278717793792987,-2.112115596595625,-1.9720638654226679
,2.046127204480739,-1.0547462679331239,0.6610682253418164,-1.8208212353042734,-2.2556747798994627
,0.022614158183927133,1.4529739954649274,0.407043164001138,0.14095667759133698,0.5824795602619195
,0.5693335337578126,0.11069880204461714,0.8555359328513469,0.22372832296639764,-0.06227249145419666
,-1.2225276633575197,-0.7190035877118824,-2.0397282983924105,0.7693741353182586,0.44322872987246714
,-0.4513003505043505,1.3366788241777163,0.18590411977591914,0.5475316000783405,0.8651929002728496
,1.7645730295118665,-1.4676237460767991,-0.0341991443826707,-1.664080177564947,-1.9661315861310051
,-0.39950698921343486,-0.07708673834962985,0.6400936789925857,1.285568700331544,0.4736409149368718
,1.5131703650713766,-1.2684198676505989,0.06860202723022372,-1.9991180139397882,-1.5352728745215298
,-0.7356910787285065,1.5980000656797064,0.41403467945088124,0.9081271560478745,0.6055319998803472
,1.9755285456825737,-0.9739974772206492,0.4808424937484297,-2.0777231284135382,-2.23741045147058
,-1.2328233010989191,-1.7585570407408346,-3.0022269253070917,0.6979950944051999,-0.1717535728463403
,-1.7532782946794394,-1.2662851597977607,-2.5107492836917933,0.45974044231396544,0.9649811478521093
,-1.0553811363517451,1.360482592795459,0.4691899679988573,0.804244195175404,0.9515006958343135
,1.6275780130344744,-0.7136536408708182,0.7874333934705129,-1.5429399058002438,1.0431282209572303e-16
,-0.5214787791906218,1.1924227613043796,0.3966853633348514,0.23726996566055927,0.4539389429835992
,-0.6547967821889424,1.2612650843309492,0.3091619477047297,0.7478805493427197,0.16730337655303354
,1.7733978618616366,-1.3353761310283383,0.20040504070872037,-1.949428362816718,-1.623896719398757
,-0.38847594877622155,1.541299108411952,0.6657292356416453,0.6775920530046039,0.9712102635806413
,-0.7457766014139587,-0.40602081198925005,-1.1499468784189154e-16,0.37393265921511115,0.47104094421127685
,0.27065498172926605,-0.41799144695360957,0.393319078118308,0.3008110489822845,-0.09038296499596254
,-0.6304234356990998,-0.5891610997611689,-1.8336080651333075,0.5672091009484689,0.359973889400039
,-0.9452808470355593,-1.1060732156303992,-2.642293352153632,0.5965083278709991,0.2916199521988247
,1.5316604899947055,-0.6205618158101042,1.0158228981621318,-1.5156143454949011,-2.0222884659881304
,1.9045096567725148,-1.5647214426638243,0.07041464234682379,-2.2687717341138716,-2.0958836983390157
,2.0451816867289776,-1.140597503126913,0.6310306034095852,-2.1759167568115583,-2.0124354465180616
,-1.1114818562895727,-0.29281254513335636,0.2889642364054708,0.7283171372145817,1.0431282209572303e-16
,-0.45896955004641316,0.23379799653641894,0.4404470711499121,-0.041453985442272044,1.2941745425768403
,-0.9218530182974775,-0.37572583564937934,0.03234972489822064,1.0917300794587284,-0.09336627432557944
,-1.1125324315693073,-0.0809654211632941,0.30605460750484365,0.3826414034189848,1.4717450617610135
,-0.8939077158565372,-0.1368860584912863,0.27498120550598387,0.6699501720513039,0.011643657919551199
,-0.7157301484135492,-0.035704572968394015,0.4919771294646878,0.29772400012719974,0.46093149890226304
,-0.24181563972527148,1.817184030434375,0.43630395088339746,0.5483444072541714,0.7941002426528274
,-1.0867933372158096,-0.6313373352132652,-1.4164476432986155,0.011178004672295511,0.7297891085017629
,-0.23341103748739472,1.6902336533911055,0.9601497195808414,0.7558658639412895,0.8159885880250198
,1.5136956527112437,-1.2124660008391208,0.29000001647209983,-1.6840038159709974,-1.7030019892863983
,1.7740282070294775,-1.367203101141288,0.429053490416997,-2.4896391066198134,-1.9384501432605543
,1.4278636523569272,-1.3615506514160842,0.15793805797694546,-2.004806403118256,-1.8458955442027167
,-0.0918985473071442,-0.0992886166945501,0.25167615400683907,0.4331526877564136,0.23171293349792407
,-0.7874844400194223,1.4995078766305754,0.4966381397645167,0.8744501449272386,1.23210034291459
,2.0012676400360716,-0.9337886563597076,0.5129516758139182,-1.6950259192293786,-2.192083013621657
,-0.030650008498617053,1.3100929457013093,0.37338031183570636,0.24325665093312232,0.3998288269143556
,0.12105306189505909,-0.32539920998942573,0.8322308813522021,0.4956896797342344,-0.6157171481009335
,-0.7311736050256478,-0.36349738572695367,0.8814304345170635,0.9481506060851462,0.30299245653642337
,-0.06206220936268155,-0.2615172467561671,0.43967023609994055,0.5336076576226759,0.1401298663354224
,-0.6672986280177842,1.4158463498140141,0.09863964916245473,0.7557485133261928,0.30738717860243464
,-0.6398786132167111,-0.02978743321957322,0.7346086100724505,0.8792751748424611,0.9081459162119093
,-1.0419337727711422,-0.7043058434132519,-2.166352411537764,0.4800810170011025,0.7227867408353612
,-0.40549526830792204,0.20209477760334404,0.5297831018966345,0.37772998232033317,0.9188936425930189
,-0.8592387316252955,1.4517250252236007,0.4391523460666263,0.3849631079278111,0.7843509098946985
,-0.11742752660469495,1.5923017821841836,0.19548508539223444,0.5643910760480468,0.3751587174335476
,-0.2815273852992393,0.11100932583856275,0.5261578716634334,0.2282744060776975,1.3829600196796457
,-0.32029361312144605,-0.09360981255141458,0.3819254973853929,0.45825869286699933,0.010929633541968834
,-0.7030181875287607,0.134959762521343,0.6408705140425576,0.33318791673065506,1.1514057301643883
,2.3185413745159202,-1.5639972690927104,0.06523574201368049,-2.2963783658266377,-2.168958561056123
,-0.5710659323940949,-0.18914343172613357,-0.0015720722838679852,0.28190144506829706,0.4834827634370262
,0.1065551230347216,1.5252630180198574,0.4919771294646878,0.4541313632108264,0.7196237009861625
,-1.0363657237885489,-0.5708126956562333,-2.059149174641698,0.43243360452530943,0.5160948943702406
,-0.5793654771039982,1.649281179606653,0.4347502807834544,0.9568730992263471,0.7082543274350318
,-0.5828323755271224,0.19370146841277083,0.9756864205802712,0.4235972713901207,0.69670693499283
,-0.5762137512647943,0.11364362178793087,0.09734492407916893,-0.10081967964487955,1.4448195270637998
,-0.8318187168242224,-0.8013233309022074,-2.706770661301267,0.40500825559458,0.5797977767706548
,1.913019316538365,-1.6704931802846579,-0.2765716799737768,-1.9308241766262622,-1.8941508803685423
,1.9248908171993662,-1.4761786193077666,0.265659184906326,-2.31551443806352,-1.408842806861479
,1.7279079522491287,-1.3881846553513333,0.1310077762446003,-1.9784753904152967,-1.9896690509471362
,1.8428408878520939,-1.6018009628558982,0.030019219748306184,-2.0871339132942186,-1.7564008134857805
,1.7314799082002263,-0.7641613099235501,0.7107856685399924,-1.4786335505606294,-1.2309091823374994
,-0.0446226597190872,0.06830829371625353,0.4218030299505962,-0.2501409424757493,0.38287399487471296
,-1.065676774093144,-1.0651723048375679,-2.4708717511265896,0.16774121285782406,0.4295367353127845
,-0.3318499411985266,-0.1694990777652905,0.22241536712457935,0.31091593930030426,0.010120045032738879
,1.3473895859292568,-1.0502453916873131,0.5137285108638896,-1.8629300499675543,-1.6110386095639753
,-1.1697887843148431,-0.5058547846646172,-1.9907876902442065,0.6588946880251223,1.0431282209572303e-16
,2.1110527567683373,-0.9868481205752311,0.49353079956463086,-1.4024859791744113,-1.8421673306689992
,-0.6604698886995093,-0.0013086200287889633,0.8604558881678331,0.4667663495586902,0.5875587120184558
,-0.7382124593998696,-1.0146165103259934,-2.4592192253770175,0.6642748126199254,-0.060210653184426415
,1.4307002056122107,-1.0902915026636053,0.1869398998425479,-1.75029179416132,-1.923846872212404
,-0.5740075431773518,0.1153887425930155,0.7032762630569346,0.14040025792174365,0.9261469361429875
,-0.03243598647416585,1.3611563492192198,0.12013208554499943,0.3832298673076977,-0.04498946469564143
,-0.42608654379072025,-0.3601664164686586,0.22422798224117965,0.5168204615388784,0.8398767594372313
,0.39409757709808146,1.5761167320385376,0.30424199238824357,0.22023743172616914,0.07046174846881174
,0.08753971047152537,1.3128853681582964,0.1563843878770024,0.3292815663055281,-0.04979545520057089
,-0.25946530442481275,-0.1947993189841096,0.3306543840872742,0.7138835851912806,0.6650558717791136
,-0.4140049280737723,-0.7173008631443446,-2.133466394422304,0.568934114707882,-0.0541332504532216
,0.10581972033890737,-0.09350210319115168,-0.32214600290543777,0.04617695982434942,0.6683000499374336
,-0.12499166861878405,1.1062701690707126,0.2811958859057558,0.04533140595291392,0.20840395901542114
,-0.10408522055206552,0.07164957557287151,0.38244338741870715,0.6552887411378588,0.44627916794472133
,-1.2340839914346005,-0.943849168945816,-2.099285652223559,0.02943549690532675,0.7994645985452192
,-0.046618752750582956,-0.1554865483330023,0.7164824589064496,0.8213096300462048,0.7335342639949972
,-0.8018773213517864,-0.31056396437982203,0.9896694514797582,0.9781947327142462,0.6533548059239579
,-0.5637119054359527,0.07375105394222396,0.632066383476214,0.41973501470165603,0.8029525834892098
,-0.08170796709371857,0.16137376435903258,0.7133751187065637,0.3744686465400593,0.8493870837260049
,0.3050087933765874,-0.18857967635114917,0.8301593212189451,0.24998972891317126,0.1715811955728989
,-0.3338460342300224,-0.6770450626688224,-2.4434235793609305,-0.32764805072931114,0.028435559678861657
,1.7902070663373906,-1.0674536807554402,0.2775706556725557,-1.6710763852061026,1.0431282209572303e-16
,-0.055338527572380114,0.08316416452250304,0.6333611085594998,0.6050098646497429,0.7726210963344965
,-1.111797028873493,-0.8917865892348423,-2.4045818268623558,0.884162039955066,0.30412436889564687
,-1.1256646225659899,-0.6640958767080486,-1.7753454363854457,-0.17561360256191183,0.9650318631521
,1.7788608533162567,-0.7212482966134971,0.9396930632649255,-1.6497943189479085,-2.015459566056776
,-0.6339953916501974,0.3479871060772471,0.6139402323102123,0.6724519729124485,0.9783528112129812
,-0.531564301876074,1.0581057515257872,0.16648324352663174,-0.018425630617451325,0.3923619935128008
,0.051399920848655176,-0.29791384377041247,0.005419443165875494,0.020999755341205455,0.018530139138597468
,0.07776936036999359,-0.4447079516754388,0.028983439681677523,1.0400628335104316,0.24252621587438997
,-0.8893902421536785,-0.8693715838579165,-1.8351617352332505,-0.43678250593147083,0.6357279166409435
,-0.14337673601413953,0.04091230334937431,0.9774990356968715,0.5683587472030918,1.2918025334620105
,1.7579544052495382,-1.1789729731748944,0.22578165234112269,-1.7132033919990026,-1.8033698998002234
,-0.4190476894164984,-0.740352957928777,-2.110679232956474,-0.575179455928421,0.24854974878675085
,-0.42198930019975534,1.69161439572211,0.542471407712835,0.45665159369541,0.8173248192341698
,-0.10744706144721625,1.408047733793394,0.0828440031463677,0.7570345586281191,1.0431282209572303e-16
,0.3363159367126785,1.4862836880478585,0.7566189364883095,0.7799439434232033,0.11555471405222591
,-0.5213737216626483,1.3623067768543513,0.7607620567548248,0.38392400570258134,0.8527037692342646
,-0.93225371356685,0.0010220271921843173,-1.4902469730459071,0.5869182440048323,0.7883167907115648
,-0.6226491786290637,1.1351809655467973,-0.04792323026550029,0.5462746077038448,0.37337935137276285
,-0.49048680843845116,-0.863489965281095,-1.9553122229621749,-0.17257669033724632,0.16573966976169627
,-0.4034991752764263,-0.44910799362653736,0.02924238469833466,0.23227174283149948,0.19957840585826606
,-0.9829964995780314,-0.020028277673345956,0.699909977840391,0.3680765717307083,0.9949370781541094
,-1.5550347393935204,-0.6444858980749464,-2.232901280818656,1.038268753809518,1.0698134166900157
,-0.3306943083908186,-0.07025865241562128,0.6191191326433558,0.6874511558883262,0.0700794258327349
,0.16433676342012454,1.3945279173920884,0.01966141908201959,0.021207341836513367,0.40655908937235224
,-0.046828867806529874,0.05464753847120256,0.5023349301309744,1.0265867773720978,0.20595237266836855
,0.0751429221706571,-0.40696957103495734,-0.3164492125389801,0.4824972973413734,0.5993639290331059
,1.9590345137907406,-0.4734686425537169,0.9686949051305279,-1.0529316153565353,-1.7819134216131032
,-0.9170203720106985,-1.1338496262909674,-2.675697259302407,0.6060673622107061,0.08212568183815028
,-0.09463004303445414,-0.1792502124017118,0.4326787206501971,0.0,-0.23191217085381086
,-0.325756604576066,1.4039249861527556,0.6957668575738764,0.21911442806354053,-0.10344197679026462
,2.1815463580385286,-1.037794647978811,0.5383282874463203,-1.9739434683696118,-2.1800678996080913
,-0.10250935763246365,0.015541019786553345,0.5981445862941254,0.30455474248855535,0.8682828803731613
,-0.2409751795014838,-0.25943410189494354,-1.6225678765577185,-0.22856725116010235,0.15346210282206846
,-0.14421719623792723,1.0268436826320835,0.12453415082817121,-0.5241822935958863,0.520399305377651
,-0.5268367131172683,0.2245865545455641,1.102569478742282,0.8096881024685063,0.43681688159670096
,0.004544263372492037,-0.41671383060582784,0.580536325161438,1.0880158514384308,-0.3291167149281031
,1.3947705310452871,-0.9843307007401838,0.22811215749103703,-1.610251207327678,-1.4532381189292125
,-0.3087372850443655,-0.5703016491171219,-2.2883155143832887,0.7112400334533133,-0.0007239360845821187
,0.6300567849264724,0.07693650097973664,0.6916237373073624,0.31794237929460917,-0.14143924162020216
,-0.2920331380965853,-0.021560271446428213,0.7561010464549959,0.5052521293875516,0.4258751954745944
,0.38086032857342544,1.6363583480638206,0.7387517303389656,0.35608320840715646,0.23256464265572893
,-0.635045966929932,-0.10711244128884986,0.3619867311027912,0.32490537218776,0.5133650054997618
,-0.30978786032410005,-0.3309233251577209,-1.6334435672573195,0.7854450234130322,-0.08408923593238252
,-0.2323604622076601,-0.0953595167335298,0.212057566458293,0.8700928990088826,0.2509449492700689
,0.042470030970911066,1.347546011121525,0.29699153192184286,-0.009135098670367204,0.6083709088136663
,-0.6013225004504513,-0.19922800704166319,0.6841143318243039,0.9559916507663384,0.8016544895445143
,-0.5381829261384019,-0.008891817328886522,0.6988741977737625,0.2266560216348789,1.2795647228361804
,-0.3081069398765247,1.458906031189105,0.4559837721493423,0.8212142034342592,0.27806447747722934
,-0.30947268774017966,-0.12170476791573442,0.49767391983114506,0.0,-0.24874438569036367
,0.06862935543630257,-0.13565427591383,0.3073493325881294,-0.23819428718966673,0.7920637642731634
,-0.21807263840326957,0.10865576173242675,0.3627635661527628,0.14470249690561454,0.2553956667792749
,-0.8177410080757788,-0.8833474462739469,-2.253616882151229,0.17042447990623905,0.6177488750610098
,1.6863051711716386,-0.9063789158617301,0.1869398998425479,-1.4210229394895253,-1.9226154885251296
,-0.6723413893605102,1.7923020223697612,-0.3695329409536989,1.544817510657444,0.9601682197886404
,-0.14841949735686563,1.5886052886075561,0.4520995968994845,0.24357957065939526,0.34525173875992987
,0.48770383452243427,-0.08008197524029964,-0.034975979432642225,-0.2208053926316145,0.7041653860637963
,0.40596907775908236,-0.4734296838489389,0.01603618884881934,0.0,-0.11426394997844053
,1.8651130837824674,-1.0659721041297172,0.4311250505502543,-1.9167003955325226,-2.1501803358184004
,-0.4451019563539165,1.7202914399695495,0.0243224293818485,0.9962381358876368,0.6822421611692484
,-0.4677943823961838,-0.35823910642653706,0.44096496118322637,0.904964705844489,-0.14381363981512255
,-0.603528708537894,1.3541815952201737,0.3091619477047297,0.0,0.35219000857247423
,-0.41453021571363957,1.6922755478590374,0.43552711583342596,0.9451443752674787,0.8637039482957243
,1.4196691651749973,-0.9933565159612296,0.3689782465525347,-1.4085366188923603,-1.6743380456365475
,-1.3174996686455278,0.05323127496819244,1.047155245177649,1.0232836790516529,0.34302339333360227
,-0.8922267954089619,1.1783391895280897,0.559820723828865,0.37511829196450963,0.5318003660021537
,2.2573978932353667,-1.2134949689828944,0.5442840228294351,-2.002220038844762,-2.0485790590721353
,0.16129009510889422,-0.10334146783544526,0.27705276563924114,0.5645745178113721,-0.2037914610005762
,-0.6537462069092078,1.5973881848458829,0.5248631465801477,0.6592985294523489,0.5748853695581975
,-0.8555617181462244,-0.8450854148075142,-2.499873592992192,1.0209363796520903,0.3389349010437808
,-0.32670212232782714,-0.2619893345905038,0.03908229533130687,0.9664137284851604,-0.014924576111936295
,-0.3377331627650404,1.4300639853684989,-0.13518770087896492,0.09942008284606159,0.06251084975745737
,-0.6629912693708724,-0.2120225040275934,0.2182722468580647,0.8501290946797272,1.0431282209572303e-16
,-0.3468731676987314,0.09037610828297928,0.8506159775348612,0.41385639838086286,0.35574154505534
,-0.9325688861507705,-1.2003704688506345,-2.68087615963555,0.9461592872188402,0.002536483478157801
,0.0827070641847462,-0.3532019750679321,-0.6973573320416693,0.2679866247696271,0.13176980070974467
,-0.7361113088404005,-0.26706427880962175,0.13981190681094396,1.193352924363008,0.22860638804079947
,-0.30800188234855125,1.3366856992432639,0.5624101739954359,0.575916820370825,0.48996909180304915
,-0.2055707925744278,0.02067669375135028,0.5191663562136902,0.7047458046985804,0.5452831602936924
